pi-val,count
3.12,951
3.1200807265388497,22
3.120085015940489,29
3.1200897867564534,18
3.1200951248513675,31
3.120101137800253,34
3.1201079622132255,42
3.1201157742402317,42
3.1201248049921997,32
3.1201353637901863,53
3.120147874306839,27
3.120162932790224,75
3.1201716738197427,33
3.120181405895692,78
3.1201923076923075,31
3.1202046035805626,89
3.120218579234973,43
3.1202346041055717,84
3.120246659815005,31
3.1202531645569622,30
3.1202600216684724,26
3.120274914089347,132
3.120291616038882,32
3.1203007518796992,31
3.1203104786545923,33
3.120331950207469,200
3.1203501094091903,30
3.1203566121842496,36
3.1203703703703702,76
3.120385232744783,44
3.1203931203931203,32
3.1204188481675392,211
3.1204419889502764,25
3.1204481792717087,40
3.120458891013384,36
3.1204678362573097,27
3.1204819277108435,120
3.120496894409938,31
3.120507399577167,79
3.1205211726384365,44
3.1205298013245035,24
3.1205357142857144,28
3.120567375886525,314
3.12059765208111,27
3.120603015075377,36
3.120610687022901,33
3.1206225680933852,38
3.1206313416009017,32
3.1206434316353886,71
3.1206543967280163,26
3.1206611570247933,41
3.120669056152927,29
3.1206896551724137,175
3.1207115628970774,32
3.120720720720721,36
3.120728929384966,26
3.1207430340557276,117
3.1207598371777476,38
3.1207729468599035,89
3.120783460282916,24
3.120792079207921,46
3.120805369127517,50
3.120815138282387,42
3.120822622107969,29
3.1208285385500574,27
3.120833333333333,30
3.120879120879121,451
3.120925341745531,30
3.1209302325581394,34
3.120936280884265,34
3.1209439528023597,43
3.1209540034071552,47
3.120967741935484,58
3.120976692563818,29
3.1209876543209876,96
3.121001390820584,51
3.121019108280255,110
3.1210340775558167,28
3.1210428305400373,31
3.1210526315789475,29
3.121057985757884,37
3.1210762331838566,174
3.1210986267166043,34
3.121107266435986,38
3.1211146838156485,31
3.12112676056338,84
3.121140142517815,28
3.1211498973305956,79
3.121163166397415,39
3.1211717709720372,36
3.121177802944507,29
3.121212121212121,342
3.1212435233160623,37
3.12124849939976,31
3.1212553495007134,36
3.1212653778558876,41
3.1212814645308926,67
3.1212938005390836,42
3.121311475409836,121
3.1213282247765006,31
3.1213389121338913,81
3.121351766513057,29
3.121359223300971,34
3.1213640922768304,34
3.121387283236994,230
3.121412803532009,29
3.121418826739427,37
3.1214285714285714,42
3.1214361140443505,22
3.1214470284237725,88
3.1214574898785425,27
3.1214642262895174,42
3.121472392638037,31
3.121495327102804,167
3.121516164994426,22
3.121522693997072,44
3.121535181236674,75
3.1215469613259668,45
3.121552604698672,27
3.1215686274509804,122
3.1215880893300247,34
3.1215970961887476,42
3.1216056670602126,35
3.1216216216216215,129
3.1216361679224973,28
3.1216429699842023,31
3.1216494845360825,33
3.121661721068249,92
3.1216783216783215,42
3.121693121693122,73
3.1217063989962357,37
3.1217183770883055,74
3.1217292377701935,23
3.121739130434783,71
3.121748178980229,34
3.121756487025948,48
3.121771217712177,28
3.1217838765008574,44
3.121794871794872,45
3.1218045112781954,46
3.121813031161473,33
3.1218206157965196,37
3.1218274111675126,28
3.1218335343787698,29
3.12183908045977,19
3.1218441273326016,22
3.1218487394957983,31
3.121852970795569,24
3.1219512195121952,1275
3.1220512820512822,31
3.1220556745182013,31
3.122060470324748,27
3.1220657276995305,32
3.1220715166461157,33
3.122077922077922,29
3.122085048010974,39
3.122093023255814,45
3.1221020092735703,45
3.122112211221122,39
3.1221238938053095,50
3.122137404580153,31
3.122153209109731,83
3.1221621621621622,26
3.1221719457013575,74
3.1221826809015423,33
3.1221945137157108,88
3.1222076215505914,33
3.1222222222222222,100
3.122238586156112,46
3.1222444889779557,30
3.122257053291536,110
3.1222707423580784,25
3.1222780569514237,40
3.1222857142857143,23
3.1223021582733814,129
3.1223203026481716,36
3.122330097087379,38
3.122340425531915,37
3.122345803842265,30
3.1223628691983123,171
3.1223814773980156,27
3.1223880597014926,37
3.1224018475750577,82
3.12241653418124,35
3.1224242424242425,32
3.122448979591837,218
3.1224707135250265,34
3.1224764468371466,42
3.1224862888482634,32
3.1224944320712695,26
3.1225071225071224,72
3.122520420070012,36
3.122529644268775,42
3.122541603630862,38
3.122549019607843,31
3.122554067971164,35
3.1225806451612903,264
3.1226096737907763,25
3.122615803814714,36
3.1226252158894647,35
3.1226415094339623,84
3.1226551226551225,45
3.1226611226611225,34
3.1226765799256504,129
3.1226927252985885,32
3.1226993865030677,36
3.122715404699739,95
3.1227272727272726,21
3.1227364185110664,67
3.1227495908346974,43
3.1227586206896554,40
3.1227651966626935,30
3.122770199370409,35
3.1228070175438596,382
3.122842639593909,34
3.1228473019517797,20
3.1228533685601056,36
3.1228615863141522,39
3.122873345935728,40
3.1228813559322033,35
3.1228915662650603,91
3.122905027932961,35
3.122923588039867,124
3.122940430925222,34
3.122950819672131,77
3.122962962962963,44
3.1229698375870067,40
3.122994652406417,223
3.123020706455542,38
3.1230283911671926,29
3.1230425055928412,66
3.123055162659123,37
3.1230610134436403,26
3.123076923076923,128
3.123094958968347,30
3.123102866779089,50
3.123110151187905,29
3.123123123123123,109
3.1231393775372123,41
3.123152709359606,80
3.1231638418079095,25
3.1231732776617953,80
3.1231884057971016,40
3.1232,46
3.1232091690544412,40
3.1232166018158236,31
3.123222748815166,33
3.123227917121047,25
3.1232323232323234,36
3.1232876712328768,590
3.123343527013252,33
3.1233480176211454,25
3.1233532934131736,33
3.1233595800524934,35
3.123367198838897,52
3.1233766233766236,39
3.123388581952118,29
3.123404255319149,74
3.1234140715109575,36
3.123425692695214,85
3.1234396671289875,45
3.123456790123457,120
3.1234705228031148,27
3.123478260869565,44
3.123486682808717,28
3.1235059760956174,138
3.1235230934479055,20
3.123529411764706,46
3.1235431235431235,79
3.1235584843492585,40
3.123566878980892,33
3.1235721703011423,34
3.1235955056179776,200
3.1236180904522612,32
3.123623011015912,31
3.1236306729264474,34
3.123644251626898,81
3.1236559139784945,38
3.1236749116607774,118
3.1236897274633124,35
3.1236959761549925,43
3.1237113402061856,88
3.1237230419977298,21
3.123732251521298,79
3.1237458193979935,40
3.12375533428165,30
3.123762376237624,25
3.1237677984665937,24
3.123809523809524,437
3.1238485158648923,38
3.123853211009174,23
3.123859191655802,37
3.123867069486405,41
3.1238779174147218,42
3.1238938053097347,73
3.1239048811013768,32
3.123919308357349,97
3.123931623931624,33
3.1239388794567065,42
3.1239470517448855,36
3.12396694214876,156
3.1239860950173814,42
3.1239935587761676,36
3.124,27
3.12401055408971,74
3.124022346368715,24
3.124031007751938,43
3.124042879019908,36
3.1240506329113926,41
3.1240560949298812,24
3.124087591240876,334
3.124117053481332,36
3.1241217798594847,36
3.1241283124128314,40
3.1241379310344826,38
3.124153498871332,73
3.1241655540720963,44
3.1241830065359477,118
3.1241997439180538,33
3.1242105263157893,64
3.124223602484472,40
3.124231242312423,27
3.124236252545825,26
3.1242603550295858,236
3.1242873432155074,18
3.1242937853107344,37
3.12430426716141,34
3.1243124312431245,24
3.1243243243243244,86
3.124335812964931,32
3.1243432574430825,41
3.1243523316062176,31
3.1243576567317572,34
3.1243781094527363,183
3.124401913875598,32
3.1244094488188976,33
3.1244239631336406,81
3.1244377811094455,46
3.1244444444444444,32
3.124463519313305,158
3.12448132780083,32
3.124487004103967,35
3.1244979919678717,77
3.124508519003932,32
3.1245283018867926,145
3.124546553808948,31
3.1245551601423487,40
3.1245634458672877,33
3.1245791245791246,128
3.124593716143012,29
3.1246006389776357,40
3.1246073298429318,29
3.1246200607902734,123
3.1246376811594203,53
3.1246537396121883,86
3.1246684350132625,40
3.1246819338422394,80
3.1246943765281174,29
3.124705882352941,78
3.124716553287982,22
3.12472647702407,66
3.124735729386892,31
3.1247443762781186,85
3.124760076775432,35
3.124773960216998,40
3.124786324786325,44
3.124797406807131,43
3.1248073959938365,47
3.1248164464023493,47
3.1248246844319776,40
3.124832214765101,38
3.124839124839125,23
3.1248454882571077,28
3.1248513674197382,37
3.124856815578465,26
3.124861878453039,33
3.1248665955176094,34
3.1248710010319916,18
3.125,1597
3.1251271617497456,31
3.125131440588854,26
3.1251360174102287,19
3.125140924464487,25
3.1251461988304094,36
3.1251518833535843,34
3.125158027812895,40
3.1251646903820816,29
3.125171939477304,34
3.125179856115108,44
3.125188536953243,40
3.1251980982567353,38
3.1252086811352253,40
3.125220458553792,44
3.1252336448598133,30
3.125248508946322,52
3.1252566735112937,33
3.1252653927813165,75
3.1252747252747253,23
3.1252847380410023,69
3.1252955082742315,28
3.1253071253071254,84
3.125319693094629,26
3.1253333333333333,100
3.1253481894150417,38
3.1253644314868803,103
3.1253761283851555,29
3.125382262996942,43
3.1253886010362693,29
3.12540192926045,105
3.125416204217536,28
3.1254237288135593,40
3.1254315304948217,30
3.1254480286738353,124
3.125465838509317,38
3.1254752851711025,34
3.1254851228978007,37
3.125506072874494,166
3.1255230125523012,27
3.1255289139633287,31
3.1255411255411256,80
3.1255539143279174,39
3.125560538116592,31
3.125581395348837,189
3.1256038647342996,33
3.1256117455138663,41
3.1256281407035176,80
3.125638406537283,39
3.125645438898451,32
3.1256544502617802,34
3.125659978880676,35
3.1256830601092895,206
3.1257078142695356,20
3.125714285714286,37
3.125725338491296,45
3.125734430082256,34
3.125748502994012,83
3.1257631257631258,32
3.1257731958762887,60
3.1257861635220126,37
3.1257941550190598,28
3.1257995735607675,35
3.1258278145695364,261
3.125858123569794,25
3.1258644536652835,32
3.125874125874126,40
3.1258811681772407,43
3.125890736342043,81
3.125904486251809,49
3.1259105098855358,30
3.1259259259259258,128
3.125941872981701,21
3.125948406676783,45
3.125964010282776,78
3.1259754738015606,30
3.125984251968504,41
3.1259968102073366,39
3.1260053619302948,40
3.126011560693642,31
3.1260162601626016,32
3.1260504201680672,366
3.126086956521739,24
3.126092384519351,27
3.126099706744868,46
3.1261101243339255,44
3.126126126126126,67
3.126137841352406,39
3.126153846153846,127
3.1261682242990654,33
3.1261770244821094,42
3.1261872455902306,34
3.1261930010604453,34
3.1262135922330097,190
3.1262349066959385,32
3.126241134751773,40
3.12625250501002,72
3.1262626262626263,40
3.1262798634812285,118
3.1262939958592133,28
3.12630014858841,48
3.126315789473684,74
3.126328217237308,31
3.126338329764454,65
3.1263537906137184,43
3.126365054602184,40
3.1263736263736264,35
3.1263803680981597,27
3.1263858093126387,28
3.12639029322548,41
3.1264367816091956,534
3.1264864864864865,29
3.126491646778043,36
3.1264980026631157,40
3.1265060240963853,45
3.1265164644714036,39
3.126530612244898,96
3.1265397536394177,33
3.1265508684863526,85
3.1265646731571626,26
3.1265822784810124,119
3.126596980255517,37
3.126605504587156,35
3.1266149870801034,30
3.126637554585153,180
3.126658624849216,33
3.1266666666666665,36
3.126673532440783,26
3.1266846361185983,80
3.1266968325791855,22
3.1267056530214425,39
3.1267175572519084,47
3.1267252195734003,37
3.126730564430245,30
3.1267605633802815,339
3.1267916207276736,28
3.126797385620915,35
3.1268057784911716,37
3.126819126819127,67
3.126829268292683,30
3.1268436578171093,90
3.126857142857143,25
3.126865671641791,32
3.1268758526603,37
3.1268817204301076,24
3.1269035532994924,200
3.1269276393831555,39
3.126934984520124,39
3.1269487750556793,70
3.1269614835948647,38
3.1269674711437565,30
3.126984126984127,151
3.127003699136868,32
3.1270125223613596,37
3.1270207852193996,28
3.1270358306188926,107
3.127049180327869,33
3.1270553064275037,46
3.1270718232044197,75
3.1270860077021823,31
3.1270983213429258,96
3.12710911136108,32
3.1271186440677967,78
3.1271271271271273,33
3.127134724857685,32
3.127147766323024,33
3.1271585557299844,35
3.1271676300578033,44
3.1271753681392234,38
3.1271820448877805,34
3.127187864644107,31
3.1271929824561404,32
3.127197518097208,30
3.1272727272727274,925
3.127348643006263,23
3.1273532668881505,32
3.1273584905660377,32
3.1273644388398485,39
3.127371273712737,30
3.1273792093704245,45
3.127388535031847,39
3.1273996509598603,41
3.1274131274131274,43
3.127420998980632,37
3.127429805615551,75
3.12743972445465,37
3.127450980392157,78
3.1274638633377134,33
3.1274787535410766,90
3.1274961597542243,55
3.1275026343519494,41
3.12751677852349,129
3.1275327771156136,34
3.1275415896487986,37
3.127551020408163,34
3.1275720164609053,173
3.127589967284624,26
3.1275964391691393,44
3.1276102088167055,85
3.127625201938611,42
3.127633209417596,34
3.127638190954774,38
3.127659574468085,229
3.127683615819209,25
3.1276901004304163,39
3.1277013752455796,45
3.127710843373494,31
3.127725856697819,121
3.127741935483871,28
3.1277533039647576,78
3.1277683134582626,38
3.1277777777777778,22
3.12778429073857,37
3.127789046653144,30
3.1278195488721803,352
3.127853881278539,28
3.1278600269179004,38
3.1278688524590166,32
3.1278825995807127,71
3.1278928136419,26
3.127906976744186,104
3.1279199110122358,35
3.127927927927928,42
3.1279373368146213,26
3.127942681678608,33
3.1279620853080567,192
3.1279826464208242,22
3.1279887482419126,40
3.128,79
3.1280101394169835,36
3.1280276816608996,121
3.128042328042328,33
3.1280487804878048,54
3.128065395095368,80
3.12807881773399,35
3.1280898876404493,71
3.128099173553719,35
3.12810707456979,32
3.1281198003327786,41
3.1281296023564065,42
3.1281373844121534,36
3.1281437125748504,35
3.128148959474261,31
3.1281533804238144,40
3.128205128205128,553
3.1282586027111576,26
3.1282633371169126,29
3.12826899128269,40
3.1282758620689655,35
3.1282843894899535,37
3.1282952548330405,48
3.1283095723014256,88
3.1283185840707963,31
3.128329297820823,72
3.128342245989305,40
3.1283582089552238,88
3.128371089536138,31
3.1283783783783785,38
3.1283863368669023,36
3.1284046692607004,132
3.128421052631579,37
3.1284271284271283,42
3.128440366972477,81
3.1284552845528455,47
3.1284634760705288,36
3.12846865364851,32
3.1284916201117317,221
3.1285140562248994,36
3.128518971848225,29
3.128526645768025,43
3.128540305010893,74
3.1285520974289582,32
3.1285714285714286,146
3.128586609989373,30
3.128593040847201,48
3.1286089238845145,73
3.1286210892236386,35
3.128630705394191,65
3.1286449399656946,34
3.128654970760234,43
3.128662420382166,39
3.128668171557562,33
3.1286727456940224,29
3.128712871287129,438
3.128755364806867,37
3.1287605294825513,30
3.128767123287671,37
3.1287758346581875,46
3.128787878787879,35
3.1287958115183248,27
3.128805620608899,86
3.1288180610889773,44
3.128834355828221,131
3.1288483466362598,32
3.128856624319419,29
3.1288659793814433,36
3.128888888888889,190
3.1289111389236544,41
3.1289198606271778,35
3.1289274106175515,28
3.128939828080229,104
3.1289537712895377,30
3.1289640591966172,72
3.1289782244556115,43
3.128987517337032,25
3.1289940828402365,37
3.128998968008256,34
3.129032258064516,381
3.1290684624017957,35
3.1290743155149934,23
3.1290824261275274,34
3.1290944123314066,45
3.1291028446389495,28
3.1291139240506327,84
3.129129129129129,45
3.1291355389541087,33
3.129151291512915,136
3.129166666666667,19
3.1291727140783743,45
3.1291866028708135,91
3.1291963377416074,33
3.129203539823009,36
3.1292134831460676,43
3.1292200232828873,25
3.129251700680272,280
3.129281767955801,28
3.129287598944591,35
3.1292962356792144,35
3.1293103448275863,87
3.1293213828425097,31
3.1293375394321767,127
3.129353233830846,34
3.1293634496919918,70
3.1293759512937593,56
3.129383313180169,29
3.1293881644934802,34
3.1294117647058823,263
3.129438717067583,31
3.1294452347083928,41
3.1294559099437147,48
3.1294642857142856,33
3.1294765840220387,88
3.129488574537541,37
3.129496402877698,44
3.129506008010681,33
3.129511677282378,34
3.1295336787564767,221
3.1295546558704452,31
3.129559748427673,37
3.129568106312292,43
3.12958435207824,85
3.1296,36
3.1296076099881094,36
3.1296296296296298,187
3.1296505073280723,34
3.1296572280178836,43
3.1296703296703297,74
3.1296829971181555,42
3.129689174705252,37
3.1297071129707112,162
3.129724208375894,33
3.1297297297297297,34
3.129740518962076,48
3.1297509829619923,27
3.1297709923664123,144
3.129789864029666,36
3.129798903107861,43
3.1298076923076925,31
3.1298245614035087,130
3.129840546697039,26
3.1298482293423273,32
3.1298557158712543,32
3.1298701298701297,118
3.129883843717001,31
3.1298904538341157,46
3.129896907216495,31
3.1299093655589125,126
3.12992700729927,37
3.1299435028248586,92
3.1299589603283176,34
3.129973474801061,91
3.12998712998713,38
3.13,85
3.130012150668287,30
3.1300236406619386,83
3.1300345224395856,31
3.1300448430493275,69
3.130054644808743,29
3.1300639658848612,65
3.130072840790843,26
3.130081300813008,75
3.130097087378641,42
3.130111524163569,36
3.1301247771836005,39
3.1301369863013697,30
3.1301482701812193,36
3.13015873015873,47
3.1301684532924963,48
3.1301775147928996,39
3.1301859799713876,49
3.1301939058171744,27
3.1302013422818793,40
3.1302083333333335,20
3.1302149178255374,37
3.13022113022113,36
3.130227001194743,48
3.130232558139535,27
3.130237825594564,40
3.130242825607064,33
3.1302475780409043,40
3.130252100840336,34
3.1302564102564103,36
3.130260521042084,38
3.130434782608696,2266
3.130612244897959,29
3.130616509926855,36
3.1306209850107067,32
3.1306256860592754,27
3.130630630630631,39
3.130635838150289,39
3.130641330166271,39
3.1306471306471306,31
3.130653266331658,42
3.130659767141009,30
3.1306666666666665,31
3.130674002751032,39
3.1306818181818183,39
3.130690161527166,42
3.1306990881458967,60
3.130708661417323,43
3.130718954248366,40
3.130730050933786,43
3.1307420494699647,40
3.130755064456722,46
3.1307692307692307,42
3.130784708249497,85
3.130792996910402,29
3.130801687763713,74
3.130810810810811,31
3.130820399113082,84
3.130830489192264,31
3.130841121495327,87
3.1308523409363747,39
3.130864197530864,75
3.130876747141042,37
3.130890052356021,76
3.1309041835357623,38
3.13091922005571,80
3.130935251798561,47
3.130952380952381,87
3.130964467005076,28
3.130970724191063,39
3.130977130977131,25
3.130990415335463,115
3.131004366812227,26
3.131011608623549,51
3.1310190369540876,31
3.1310344827586207,114
3.1310507674144037,37
3.1310592459605027,45
3.1310679611650487,28
3.1310861423220975,143
3.1311053984575836,41
3.131115459882583,38
3.1311258278145697,38
3.131131131131131,38
3.1311475409836067,162
3.131164742917104,30
3.1311706629055007,43
3.131182795698925,89
3.131195335276968,42
3.131201764057332,30
3.1312217194570136,191
3.1312427409988386,25
3.13125,49
3.1312649164677806,98
3.1312803889789302,36
3.1312883435582823,38
3.1313131313131315,198
3.1313340227507758,40
3.1313394018205463,26
3.1313485113835378,43
3.1313559322033897,28
3.131367292225201,84
3.1313789359391966,40
3.1313868613138687,43
3.131396957123098,37
3.131403118040089,30
3.1314285714285712,232
3.131455399061033,35
3.1314623338257017,38
3.1314741035856573,47
3.1314837153196624,30
3.1314984709480123,116
3.13151364764268,33
3.1315240083507305,79
3.131537242472266,44
3.13154533844189,30
3.1315508021390372,29
3.1315789473684212,250
3.1316085489313834,36
3.1316146540027137,34
3.1316239316239316,31
3.131639722863741,84
3.1316526610644257,40
3.1316582914572866,32
3.131672597864769,137
3.1316872427983538,29
3.1316931982633864,39
3.131707317073171,73
3.131717597471022,23
3.131725417439703,41
3.1317365269461077,39
3.1317440401505645,32
3.1317494600431965,35
3.131782945736434,350
3.131818181818182,32
3.131824234354194,30
3.1318327974276525,38
3.13184584178499,69
3.131855309218203,36
3.131868131868132,91
3.1318795430944966,26
3.1318864774624373,44
3.13189448441247,33
3.1319148936170214,153
3.13193588162762,35
3.1319444444444446,40
3.1319520174482007,32
3.131964809384164,95
3.1319796954314723,33
3.131991051454139,70
3.132,40
3.132007233273056,36
3.1320182094081943,50
3.1320261437908496,23
3.13203214695752,36
3.1320368474923233,31
3.1320754716981134,441
3.1321160042964555,35
3.1321212121212123,28
3.132127955493741,38
3.132137030995106,41
3.1321499013806706,45
3.13215859030837,35
3.1321695760598502,78
3.132183908045977,48
3.1321897073662965,30
3.1322033898305084,130
3.1322207958921693,38
3.1322314049586777,74
3.1322436849925706,30
3.1322505800464038,26
3.132275132275132,214
3.1323003575685338,44
3.1323076923076925,33
3.1323210412147504,87
3.132332878581173,35
3.1323529411764706,148
3.132369299221357,30
3.1323763955342905,36
3.1323828920570267,25
3.132394366197183,95
3.132408575031526,37
3.132420091324201,81
3.132429614181439,35
3.132437619961612,44
3.1324503311258276,51
3.1324599708879184,45
3.1324675324675324,28
3.1324736225087926,33
3.1324786324786325,25
3.1325301204819276,570
3.132579650565262,30
3.1325842696629214,34
3.1325898389095417,30
3.132596685082873,38
3.1326053042121687,48
3.132616487455197,39
3.132631578947368,76
3.132641291810842,32
3.13265306122449,75
3.1326676176890156,43
3.132686084142395,108
3.132701421800948,37
3.1327102803738316,52
3.132720105124836,27
3.132725430597771,26
3.1327433628318584,170
3.1327649208282584,35
3.1327731092436975,33
3.132780082987552,26
3.1327913279132793,83
3.1328036322360955,32
3.1328125,39
3.132824427480916,46
3.1328320802005014,39
3.132837407013815,33
3.132867132867133,300
3.132897603485839,36
3.1329032258064515,35
3.132911392405063,51
3.132924335378323,67
3.132934131736527,34
3.132947976878613,98
3.1329608938547486,26
3.132969034608379,48
3.132978723404255,35
3.1329842931937173,30
3.1330049261083746,155
3.13302752293578,38
3.133034379671151,37
3.133047210300429,74
3.1330589849108366,36
3.1330645161290325,33
3.1330798479087454,129
3.133097762073027,41
3.1331058020477816,28
3.133113311331133,31
3.1331269349845203,127
3.13314447592068,35
3.133159268929504,80
3.1331719128329296,29
3.1331828442437923,75
3.1331923890063424,34
3.1332007952286283,42
3.133214920071048,38
3.13322632423756,35
3.1332357247437774,43
3.1332436069986542,32
3.133250311332503,30
3.1332560834298957,30
3.133261105092091,39
3.133265513733469,27
3.1333333333333333,803
3.1334002006018054,33
3.1334044823906084,21
3.1334093500570126,34
3.1334149326805387,38
3.1334214002642007,32
3.133428981348637,45
3.133437990580848,47
3.1334488734835357,43
3.133462282398453,43
3.13347022587269,32
3.1334792122538295,79
3.1334894613583137,31
3.133501259445844,82
3.1335149863760217,37
3.1335311572700295,78
3.1335436382754995,26
3.1335504885993486,46
3.133557800224467,32
3.1335740072202167,132
3.133592736705577,31
3.133603238866397,71
3.1336146272855134,33
3.1336206896551726,29
3.133640552995392,170
3.133663366336634,26
3.1336717428087986,39
3.133678756476684,32
3.1336898395721926,82
3.1337016574585634,35
3.133709981167608,38
3.133720930232558,40
3.1337278106508877,40
3.1337579617834397,242
3.133786848072562,30
3.133793103448276,43
3.1338028169014085,38
3.133810010214505,29
3.1338199513381997,82
3.133834586466165,29
3.133841131664853,35
3.1338582677165356,125
3.1338766006984864,43
3.133884297520661,45
3.1338912133891212,31
3.133903133903134,96
3.1339173967459324,34
3.1339285714285716,71
3.133937562940584,32
3.1339449541284403,40
3.133956386292835,43
3.1339648173207038,34
3.1339712918660285,31
3.1339764201500535,26
3.134020618556701,463
3.134065934065934,36
3.1340713407134073,31
3.1340782122905027,39
3.134087237479806,36
3.1340996168582373,48
3.1341077085533264,31
3.1341176470588237,82
3.134130146082337,30
3.1341463414634148,128
3.1341600901916573,35
3.1341681574239715,41
3.1341772151898732,35
3.134199134199134,178
3.1342200725513907,36
3.134228187919463,31
3.1342351716961496,36
3.1342465753424658,83
3.134259259259259,33
3.1342685370741483,84
3.1342812006319116,40
3.134289439374185,33
3.1342952275249725,34
3.1343283582089554,336
3.134358974358974,28
3.1343638525564805,29
3.1343705799151342,37
3.1343804537521813,41
3.134396355353075,77
3.1344086021505375,29
3.134426229508197,119
3.134443021766965,30
3.134453781512605,69
3.134466769706337,43
3.1344743276283618,39
3.134479271991911,27
3.134502923976608,242
3.1345291479820627,29
3.1345353675450762,42
3.1345454545454547,53
3.1345532831001077,30
3.134564643799472,84
3.1345755693581783,29
3.13458262350937,35
3.1345911949685537,39
3.1346153846153846,171
3.13463751438435,31
3.13464447806354,42
3.1346578366445916,73
3.134670487106017,45
3.134676564156946,27
3.1346938775510202,152
3.134715025906736,34
3.1347248576850095,47
3.134734239802225,32
3.1347517730496453,130
3.1347678369195924,29
3.13477537437604,37
3.134782608695652,36
3.134796238244514,131
3.134808853118712,29
3.1348148148148147,30
3.134831460674157,93
3.1348464619492655,36
3.1348600508905853,74
3.134872417982989,39
3.1348837209302327,89
3.1348940914158305,30
3.1349036402569594,78
3.1349124613800208,36
3.134920634920635,32
3.134935304990758,42
3.134948096885813,37
3.1349593495934958,36
3.1349693251533743,32
3.134978229317852,40
3.1349862258953167,39
3.134993446920052,33
3.135,34
3.1350059737156513,30
3.135011441647597,36
3.1350164654226127,36
3.1350210970464136,30
3.13502538071066,33
3.135135135135135,1409
3.1352459016393444,29
3.1352502662406816,20
3.1352549889135255,25
3.1352601156069366,25
3.135265700483092,43
3.1352718078381794,31
3.1352785145888595,32
3.1352859135285915,44
3.135294117647059,33
3.135303265940902,48
3.1353135313531353,46
3.1353251318101933,28
3.1353383458646618,39
3.1353535353535356,71
3.1353620146904513,26
3.1353711790393013,87
3.135381114903299,31
3.1353919239904986,76
3.1354037267080743,30
3.1354166666666665,83
3.1354309165526675,36
3.1354466858789625,97
3.1354642313546424,45
3.1354705274043435,25
3.1354838709677417,102
3.135498320268757,24
3.1355060034305318,41
3.135514018691589,30
3.1355311355311355,157
3.135549872122762,26
3.135559921414538,49
3.1355704697986577,28
3.1355759429153927,35
3.135593220338983,158
3.13561190738699,34
3.135618479880775,29
3.135632183908046,75
3.135646687697161,40
3.135654261704682,41
3.135678391959799,202
3.135699373695198,34
3.1357048748353096,28
3.1357142857142857,42
3.1357220412595006,31
3.1357340720221605,91
3.1357466063348416,34
3.135755258126195,51
3.1357664233576643,38
3.1357733175914992,32
3.1358024691358026,258
3.1358288770053475,28
3.1358344113842174,33
3.1358428805237315,41
3.1358574610244987,77
3.135869565217391,35
3.1358885017421603,137
3.135902636916836,37
3.135908440629471,39
3.1359223300970873,88
3.1359325605900947,32
3.1359404096834265,49
3.13595166163142,45
3.135959339263024,30
3.1359649122807016,38
3.136,377
3.1360332294911735,37
3.136038186157518,29
3.1360448807854135,30
3.1360544217687076,31
3.136069114470842,77
3.136079900124844,35
3.136094674556213,85
3.1361079865016874,31
3.1361161524500907,54
3.136125654450262,31
3.1361310133060387,30
3.136150234741784,184
3.1361702127659576,21
3.1361760660247593,38
3.1361867704280155,52
3.136196319018405,35
3.1362126245847177,104
3.136226034308779,18
3.136231884057971,43
3.1362467866323906,77
3.136258660508083,27
3.1362683438155137,76
3.136283185840708,40
3.1362940275650844,34
3.136302294197031,30
3.1363088057901085,46
3.1363140676117776,31
3.1363636363636362,492
3.1364124597207304,29
3.136417556346382,31
3.1364238410596026,31
3.136431784107946,31
3.1364421416234887,42
3.1364562118126273,76
3.1364653243847873,29
3.1364764267990073,71
3.136490250696379,49
3.1365079365079365,104
3.1365227537922986,29
3.1365313653136533,37
3.1365409622886866,30
3.1365461847389557,24
3.1365638766519823,159
3.1365853658536587,31
3.136593591905565,35
3.1366006256517207,42
3.1366120218579234,86
3.1366245694603903,23
3.1366336633663368,37
3.1366459627329193,36
3.136653895274585,21
3.1366594360086766,28
3.1366906474820144,312
3.136723163841808,29
3.136729222520107,35
3.1367380560131797,41
3.1367521367521367,73
3.136762860727729,34
3.13677811550152,123
3.1367924528301887,30
3.136801541425819,50
3.136812411847673,33
3.136818687430478,26
3.136842105263158,227
3.1368680641183726,31
3.136876006441224,42
3.136890951276102,86
3.136904761904762,38
3.1369112814895947,35
3.136929460580913,158
3.136950904392765,32
3.1369606003752346,39
3.136969696969697,39
3.136986301369863,122
3.1370010787486518,26
3.137007874015748,39
3.1370143149284253,33
3.1370262390670556,90
3.1370420624151967,38
3.1370558375634516,76
3.137067938021454,29
3.1370786516853935,80
3.1370882040382573,29
3.1370967741935485,56
3.137111517367459,49
3.137123745819398,32
3.13713405238829,39
3.137142857142857,39
3.137150466045273,39
3.13715710723192,30
3.1371629542790154,30
3.1371681415929205,31
3.13717277486911,40
3.1372549019607843,935
3.1373346897253307,36
3.1373390557939915,27
3.137343927355278,32
3.1373493975903615,43
3.1373555840821568,23
3.1373626373626373,36
3.137370753323486,35
3.137380191693291,38
3.137391304347826,51
3.1374045801526718,46
3.1374122367101305,27
3.1374207188160677,64
3.137430167597765,28
3.137440758293839,80
3.137452711223203,29
3.137466307277628,83
3.137481910274964,43
3.1375,122
3.1375137513751374,32
3.1375212224108657,27
3.1375291375291376,37
3.137546468401487,129
3.1375661375661377,33
3.137577002053388,76
3.1375886524822696,42
3.1375947995666307,24
3.1376146788990824,185
3.137637028014616,34
3.1376451077943615,30
3.1376518218623484,35
3.137662337662338,82
3.1376734258271077,37
3.13768115942029,58
3.1376912378303197,44
3.1376975169300225,30
3.1377245508982035,244
3.1377497371188223,37
3.1377551020408165,27
3.1377633711507293,37
3.137777777777778,62
3.1377899045020463,34
3.137809187279152,131
3.137823834196891,29
3.1378299120234603,30
3.137844611528822,79
3.137855579868709,31
3.137864077669903,50
3.1378763866877972,35
3.137884872824632,36
3.137891077636153,31
3.1378958120531153,34
3.1379310344827585,372
3.1379657603222557,21
3.137970353477765,33
3.137976346911958,35
3.137984496124031,31
3.1379962192816637,49
3.1380042462845013,32
3.138014527845036,92
3.1380281690140843,36
3.138047138047138,118
3.1380645161290324,28
3.1380753138075312,82
3.1380880121396055,39
3.138095238095238,34
3.138121546961326,215
3.138144329896907,27
3.138149556400507,22
3.138157894736842,42
3.1381733021077283,85
3.138187221396731,43
3.1381936887921653,24
3.138211382113821,174
3.1382316313823164,30
3.1382405745062836,41
3.1382488479262673,30
3.1382636655948555,103
3.1382765531062122,25
3.138282387190684,24
3.1382978723404253,93
3.138310893512852,33
3.1383219954648527,81
3.1383315733896517,27
3.1383399209486167,37
3.138353765323993,36
3.138364779874214,37
3.138373751783167,40
3.1383812010443863,38
3.138387484957882,47
3.138392857142857,29
3.138397502601457,36
3.1384615384615384,756
3.1385237613751262,27
3.1385281385281387,27
3.138533178114086,26
3.138539042821159,27
3.1385459533607682,39
3.13855421686747,40
3.1385642737896493,32
3.1385767790262173,35
3.138592750533049,89
3.138602520045819,22
3.1386138613861387,67
3.138627187079408,37
3.1386430678466075,95
3.138655462184874,35
3.1386623164763456,29
3.1386696730552424,32
3.1386861313868613,149
3.1387054161162484,31
3.1387163561076603,62
3.138728323699422,39
3.13873473917869,26
3.138755980861244,177
3.1387755102040815,37
3.138780804150454,32
3.1387900355871885,39
3.1387978142076505,33
3.138810198300283,100
3.1388235294117646,28
3.1388329979879277,61
3.138845553822153,34
3.1388535031847136,29
3.138858988159311,25
3.138888888888889,296
3.1389183457051963,34
3.1389236545682104,28
3.1389312977099237,36
3.1389432485322897,55
3.138952164009112,34
3.138964577656676,89
3.1389759665621733,34
3.1389830508474574,30
3.1389913899138993,33
3.1390134529147984,191
3.1390319258496397,31
3.1390374331550803,35
3.139047619047619,46
3.1390568319226118,36
3.1390728476821192,105
3.1390862944162436,32
3.1390922401171304,39
3.1391076115485563,101
3.1391200951248512,36
3.139130434782609,72
3.139139139139139,31
3.1391465677179964,53
3.1391585760517797,36
3.139167862266858,44
3.1391752577319587,31
3.1391812865497077,31
3.139186295503212,32
3.1392405063291138,589
3.139293139293139,35
3.1392978482446208,31
3.1393034825870645,34
3.139310344827586,28
3.1393188854489162,32
3.1393298059964727,45
3.139344262295082,71
3.1393534002229653,30
3.139364303178484,71
3.1393775372124493,39
3.139393939393939,122
3.1394072447859496,29
3.1394148020654047,43
3.139423076923077,39
3.139442231075697,121
3.1394594594594594,28
3.1394658753709197,38
3.1394799054373523,79
3.1394957983193277,30
3.139504563233377,39
3.1395101171459,37
3.13953488372093,226
3.1395592864637987,38
3.139564660691421,26
3.1395730706075535,44
3.139588100686499,71
3.1396011396011394,36
3.1396070320579113,27
3.139622641509434,114
3.1396396396396398,31
3.139646869983949,36
3.1396534148827726,31
3.1396648044692737,98
3.1396786155747836,29
3.139689578713969,71
3.1396984924623115,22
3.139705882352941,41
3.1397174254317113,38
3.1397260273972605,38
3.1397326852976915,29
3.1397379912663754,26
3.139784946236559,499
3.139830508474576,30
3.139835487661575,17
3.1398416886543536,32
3.1398496240601506,44
3.13986013986014,42
3.139874739039666,77
3.139884393063584,34
3.139896373056995,73
3.1399116347569955,39
3.139917695473251,35
3.1399317406143346,128
3.1399491094147582,28
3.1399594320486814,75
3.13997113997114,35
3.139977603583427,35
3.14,201
3.1400220507166483,32
3.14002828854314,51
3.1400394477317555,38
3.14004914004914,31
3.1400651465798046,102
3.1400832177531206,40
3.140096618357488,90
3.140106951871658,31
3.140115163147793,53
3.140127388535032,37
3.140136054421769,36
3.1401425178147266,34
3.1401475237091674,35
3.1401869158878504,433
3.140225179119754,30
3.1402298850574715,28
3.1402359108781126,39
3.1402439024390243,33
3.140255009107468,42
3.1402623612512612,36
3.1402714932126696,76
3.1402831402831404,30
3.1402985074626866,91
3.140311804008909,26
3.1403197158081704,41
3.140328697850822,16
3.1403508771929824,167
3.1403726708074533,38
3.1403812824956674,49
3.140388768898488,35
3.140401146131805,99
3.1404151404151404,33
3.1404255319148935,95
3.1404399323181047,30
3.140449438202247,43
3.140456182472989,31
3.140461215932914,36
3.1404958677685952,372
3.140529531568228,31
3.140534262485482,29
3.1405405405405404,45
3.1405492730210014,36
3.140562248995984,68
3.1405714285714286,21
3.140583554376658,90
3.140600315955766,41
3.140607424071991,28
3.140625,156
3.140642303433001,29
3.1406491499227203,37
3.1406649616368285,68
3.1406761177753544,27
3.140684410646388,49
3.140695915279879,43
3.14070351758794,22
3.140708915145005,26
3.140740740740741,361
3.1407716371220022,22
3.1407766990291264,27
3.1407837445573294,31
3.1407942238267146,44
3.1408016443987665,32
3.1408114558472553,70
3.140825035561878,38
3.1408308004052685,38
3.140845070422535,117
3.1408647140864714,38
3.140877598152425,79
3.140893470790378,40
3.140902872777018,39
3.140909090909091,36
3.140939597315436,296
3.140969162995595,34
3.1409749670619234,33
3.140983606557377,35
3.140997830802603,77
3.1410090556274257,32
3.141025641025641,118
3.1410419313850064,24
3.1410526315789475,83
3.1410658307210033,49
3.1410736579275906,28
3.141078838174274,38
3.1411042944785277,246
3.1411290322580645,38
3.141133896260555,29
3.141141141141141,48
3.1411530815109345,38
3.1411625148279954,28
3.1411764705882352,89
3.1411901983663943,30
3.141199226305609,57
3.1412103746397695,37
3.1412169919632604,31
3.1412429378531073,223
3.1412680756395996,27
3.141274238227147,38
3.141284403669725,44
3.141292442497262,24
3.141304347826087,94
3.141316073354908,38
3.1413237924865833,44
3.1413333333333333,27
3.141339001062699,32
3.141361256544503,249
3.1413828689370487,33
3.141388174807198,30
3.1413969335604772,35
3.141403865717192,31
3.1414141414141414,70
3.141424272818455,28
3.141430948419301,38
3.141439205955335,35
3.1414634146341465,176
3.1414868105515588,29
3.1414944356120826,44
3.141509433962264,71
3.141524105754277,33
3.1415313225058004,29
3.141552511415525,170
3.141573033707865,27
3.1415797317436662,49
3.1415929203539825,65
3.141605839416058,42
3.1416122004357296,29
3.1416309012875536,177
3.141649048625793,33
3.1416549789621318,49
3.1416666666666666,75
3.1416781292984868,31
3.141683778234086,30
3.1417004048582995,182
3.141721854304636,37
3.141732283464567,39
3.141742522756827,38
3.1417624521072796,155
3.1417816813048933,25
3.1417910447761193,39
3.1418002466091246,34
3.1418181818181816,133
3.141835518474374,30
3.141843971631206,47
3.141852286049238,21
3.141868512110727,135
3.1418842224744608,28
3.141891891891892,30
3.141899441340782,25
3.1419141914191417,103
3.1419284940411703,35
3.141935483870968,32
3.141942369263607,27
3.141955835962145,128
3.1419689119170986,37
3.1419753086419755,33
3.1419816138917263,26
3.1419939577039275,122
3.1420118343195265,34
3.1420289855072463,89
3.1420454545454546,42
3.1420612813370474,83
3.1420765027322406,47
3.1420911528150133,87
3.142105263157895,32
3.1421188630490957,77
3.1421319796954315,26
3.14214463840399,82
3.142156862745098,30
3.1421686746987953,80
3.1421800947867298,24
3.1421911421911424,72
3.1422018348623855,26
3.1422121896162527,71
3.1422222222222222,30
3.1422319474835887,69
3.1422413793103448,31
3.142250530785563,72
3.1422594142259412,27
3.1422680412371133,69
3.1422764227642275,32
3.1422845691382766,74
3.142300194931774,49
3.1423149905123338,52
3.142329020332717,53
3.142342342342342,45
3.142355008787346,49
3.142367066895369,33
3.1423785594639866,36
3.1423895253682486,38
3.1424,43
3.1424100156494523,41
3.1424196018376724,44
3.1424287856071964,51
3.142437591776799,38
3.1424460431654677,36
3.142454160789845,52
3.1424619640387275,38
3.1424694708276797,32
3.1424766977363516,29
3.142483660130719,38
3.142490372272144,30
3.14249684741488,21
3.1425030978934325,33
3.1425091352009744,29
3.1425149700598802,26
3.142520612485277,19
3.1425260718424104,30
3.142531356898518,25
3.142536475869809,29
3.1425414364640885,26
3.1425462459194775,36
3.142550911039657,31
3.1425554382259766,35
3.142559833506764,23
3.1425641025641027,32
3.142568250758342,34
3.142857142857143,3980
3.1431431431431434,25
3.1431472081218272,31
3.1431513903192583,28
3.143155694879833,27
3.1431601272534464,27
3.1431646932185147,32
3.1431693989071037,29
3.1431742508324083,27
3.1431792559188274,22
3.143184421534937,27
3.1431897555296855,25
3.143195266272189,26
3.1432009626955475,23
3.1432068543451654,26
3.1432129514321296,33
3.1432192648922688,28
3.1432258064516128,36
3.14323258869908,38
3.143239625167336,40
3.1432469304229196,43
3.1432545201668987,34
3.143262411347518,46
3.143270622286541,33
3.1432791728212703,43
3.143288084464555,42
3.143297380585516,34
3.1433070866141732,42
3.143317230273752,31
3.14332784184514,35
3.1433389544688026,37
3.143350604490501,48
3.1433628318584073,50
3.143375680580762,38
3.143389199255121,42
3.1434034416826004,59
3.143418467583497,42
3.1434343434343432,70
3.1434426229508197,29
3.1434511434511436,75
3.1434599156118144,28
3.143468950749465,75
3.143478260869565,34
3.143487858719647,67
3.1434977578475336,32
3.143507972665148,70
3.1435185185185186,30
3.143529411764706,66
3.1435406698564594,21
3.1435523114355233,78
3.1435643564356437,40
3.1435768261964734,78
3.1435897435897435,35
3.143603133159269,88
3.143617021276596,33
3.143631436314363,82
3.143646408839779,38
3.1436619718309857,108
3.1436781609195403,34
3.1436950146627565,98
3.143712574850299,40
3.143718592964824,40
3.143730886850153,117
3.143743536711479,31
3.14375,40
3.143756558237146,28
3.143769968051118,119
3.1437837837837836,30
3.1437908496732025,44
3.1437980241492864,29
3.1438127090301005,99
3.1438278595696487,28
3.143835616438356,33
3.143843498273878,24
3.143859649122807,115
3.1438763376932224,24
3.143884892086331,49
3.1438935912938333,21
3.143911439114391,147
3.143929912390488,25
3.143939393939394,55
3.1439490445859875,31
3.1439688715953307,143
3.1439894319682957,40
3.144,64
3.1440107671601614,39
3.1440162271805274,27
3.1440329218106995,163
3.144050104384134,27
3.144055944055944,39
3.1440677966101696,70
3.1440798858773182,40
3.1440860215053763,32
3.1441048034934496,176
3.1441241685144123,26
3.1441307578008915,43
3.144144144144144,62
3.1441578148710168,28
3.1441647597254003,29
3.144186046511628,179
3.144208037825059,24
3.144215530903328,48
3.144230769230769,75
3.1442463533225284,35
3.1442542787286065,24
3.144278606965174,179
3.144298688193744,29
3.1443037974683543,30
3.1443123938879456,44
3.1443193449334697,29
3.1443298969072164,72
3.1443406022845277,21
3.1443478260869564,42
3.1443569553805775,38
3.14436248682824,26
3.144385026737968,207
3.1444082519001086,37
3.1444141689373297,41
3.1444241316270567,33
3.1444321940463067,21
3.1444444444444444,86
3.144456886898096,28
3.144465290806754,47
3.144475920679887,42
3.1444823663253696,23
3.1445086705202314,236
3.144535840188014,23
3.144542772861357,37
3.1445544554455447,41
3.144563918757467,21
3.144578313253012,133
3.1445929526123937,30
3.144602851323829,73
3.144615384615385,40
3.1446229913473425,34
3.144628099173554,30
3.1446540880503147,266
3.1446808510638298,23
3.144686299615877,40
3.144694533762058,36
3.1447084233261338,70
3.1447196870925684,35
3.1447368421052633,110
3.144754316069057,28
3.1447661469933186,73
3.144781144781145,32
3.144790257104195,30
3.1447963800904977,26
3.1448275862068966,298
3.1448598130841123,26
3.1448663853727146,49
3.1448763250883394,46
3.144883485309017,19
3.1448931116389547,85
3.144906743185079,35
3.144912641315519,25
3.1449275362318843,116
3.144942648592284,30
3.1449487554904834,40
3.1449631449631448,78
3.1449735449735448,27
3.1449814126394053,41
3.1449925261584455,42
3.145,26
3.1450053705692804,31
3.145038167938931,358
3.1450719822812845,25
3.145077720207254,43
3.145085803432137,41
3.145098039215686,40
3.1451068616422946,22
3.1451187335092348,102
3.145135566188198,49
3.145142857142857,29
3.1451612903225805,167
3.1451800232288036,21
3.1451876019575855,45
3.14519427402863,29
3.1452054794520548,87
3.145218417945691,27
3.145228215767635,71
3.1452420701168613,34
3.1452513966480447,35
3.1452581032412965,22
3.1452631578947368,23
3.1452991452991452,384
3.1453362255965294,36
3.1453416149068323,27
3.145348837209302,46
3.1453590192644483,41
3.145374449339207,72
3.145385587863464,32
3.14540059347181,105
3.145413870246085,26
3.1454219030520645,46
3.145431145431145,37
3.1454363089267803,32
3.1454545454545455,167
3.145473041709054,25
3.145478374836173,38
3.14548802946593,56
3.1454965357967666,25
3.1455108359133126,126
3.145527369826435,40
3.1455399061032865,66
3.1455497382198954,24
3.145557655954631,51
3.1455696202531644,41
3.145578231292517,41
3.1455847255369926,23
3.1455897980871415,28
3.145631067961165,412
3.1456736035049286,38
3.145679012345679,29
3.1456859971711455,36
3.1456953642384105,39
3.1457085828343314,47
3.1457174638487206,28
3.1457286432160805,74
3.145743145743146,44
3.145748987854251,18
3.145762711864407,129
3.1457800511508953,43
3.1457905544147846,75
3.14580265095729,45
3.145809414466131,29
3.1458333333333335,210
3.14585764294049,26
3.1458646616541355,43
3.145877378435518,72
3.145888594164456,32
3.1459074733096086,128
3.1459227467811157,35
3.1459293394777266,42
3.145945945945946,85
3.145958986731001,20
3.1459694989106755,73
3.145985401459854,38
3.1459968602825747,51
3.1460055096418733,37
3.1460122699386504,33
3.146017699115044,23
3.1460221550855993,27
3.146067415730337,534
3.1461139896373056,19
3.146118721461187,30
3.1461245235069883,37
3.146131805157593,36
3.1461412151067325,34
3.146153846153846,48
3.146161934805468,24
3.1461716937354987,75
3.146183699870634,37
3.146198830409357,90
3.146211312700107,27
3.146218487394958,35
3.1462264150943398,27
3.1462450592885376,144
3.14626218851571,31
3.1462686567164178,41
3.146282973621103,75
3.1462925851703405,28
3.1462994836488813,42
3.1463087248322146,39
3.1463146314631465,22
3.1463414634146343,263
3.1463687150837987,30
3.146374829001368,41
3.146384479717813,44
3.1463917525773195,25
3.1464019851116625,84
3.146417445482866,43
3.1464245175936436,35
3.1464435146443517,172
3.1464646464646466,33
3.146473779385172,37
3.146482122260669,27
3.1464968152866244,133
3.14651493598862,46
3.146529562982005,81
3.1465416178194605,28
3.146551724137931,70
3.146567717996289,34
3.1465798045602607,37
3.146589259796807,43
3.1465968586387434,35
3.1466030989272946,22
3.1466083150984683,43
3.146612740141557,22
3.1466666666666665,648
3.1467221644120706,23
3.146726862302483,36
3.1467324290998766,31
3.1467391304347827,40
3.146747352496218,27
3.1467576791808876,44
3.146771037181996,40
3.146779303062302,28
3.146788990825688,75
3.1468005018820575,27
3.146814404432133,84
3.1468315301391034,43
3.1468381564844585,29
3.1468531468531467,123
3.1468710089399745,40
3.1468812877263583,64
3.146892655367232,39
3.14689880304679,27
3.146919431279621,185
3.146938775510204,27
3.1469440832249673,38
3.1469534050179213,42
3.146961325966851,25
3.1469740634005765,104
3.146987951807229,20
3.1469979296066253,62
3.147011308562197,40
3.147019867549669,32
3.1470258136924802,20
3.1470588235294117,354
3.14709236031927,26
3.147098515519568,28
3.147107438016529,32
3.1471215351812365,66
3.14713216957606,25
3.1471471471471473,135
3.1471610660486675,27
3.147169811320755,54
3.1471801925722147,37
3.1471861471861473,32
3.1472081218274113,214
3.147232037691402,31
3.147239263803681,49
3.147252747252747,70
3.14726507713885,41
3.1472708547888772,25
3.147286821705426,131
3.147305389221557,20
3.147313691507799,33
3.1473214285714284,28
3.147335423197492,106
3.1473533619456364,39
3.1473684210526316,95
3.1473812423873326,29
3.147392290249433,81
3.147401908801697,33
3.147410358565737,47
3.1474245115452932,47
3.1474358974358974,43
3.1474452554744525,39
3.1474530831099194,38
3.147459727385378,33
3.1474654377880182,25
3.147470398277718,32
3.1474747474747473,23
3.1475409836065573,794
3.1476091476091477,22
3.1476137624861265,26
3.1476190476190475,33
3.147625160462131,42
3.147632311977716,39
3.147640791476408,45
3.1476510067114094,29
3.147663551401869,36
3.147679324894515,69
3.1476888387824125,30
3.1476997578692494,77
3.1477124183006535,38
3.147727272727273,93
3.147738693467337,20
3.1477449455676516,50
3.147751605995717,28
3.147766323024055,137
3.147783251231527,34
3.147792706333973,48
3.14780292942743,39
3.147808358817533,26
3.1478260869565218,185
3.147846332945285,32
3.14785373608903,43
3.1478696741854635,76
3.1478800413650467,22
3.147887323943662,43
3.1478968792401627,38
3.1479028697571745,30
3.1479289940828403,256
3.147953830010493,26
3.1479591836734695,40
3.1479674796747967,46
3.1479820627802693,64
3.147994467496542,37
3.148,31
3.148014440433213,122
3.1480298189563367,28
3.1480362537764353,29
3.148051948051948,97
3.1480637813211847,32
3.1480730223123734,76
3.1480865224625623,30
3.148095909732017,35
3.1481028151774786,29
3.148108108108108,35
3.1481481481481484,452
3.1481888035126233,24
3.148194271481943,23
3.148201438848921,45
3.148211243611584,47
3.1482254697286014,66
3.1482352941176472,35
3.1482479784366575,88
3.1482649842271293,37
3.148272017837235,32
3.1482889733840302,144
3.1483050847457625,34
3.1483113069016153,42
3.148325358851675,75
3.148335015136226,25
3.148342059336824,34
3.1483516483516483,38
3.148357870894677,30
3.1483870967741936,276
3.148413510747185,29
3.148418491484185,27
3.1484257871064467,38
3.1484375,35
3.148446490218642,29
3.1484593837535013,104
3.148471615720524,39
3.148479427549195,44
3.1484888304862024,38
3.1484942886812046,27
3.1485148514851486,191
3.1485380116959063,33
3.1485451761102605,44
3.1485587583148558,72
3.1485714285714286,38
3.148577449947313,31
3.1485943775100402,165
3.1486146095717884,33
3.148623853211009,55
3.1486325802615935,33
3.1486486486486487,133
3.148663101604278,34
3.1486697965571206,41
3.1486761710794298,32
3.1486880466472305,95
3.148703956343793,35
3.1487179487179486,88
3.1487303506650544,33
3.148741418764302,79
3.1487513572204127,29
3.1487603305785123,62
3.1487758945386064,54
3.14878892733564,37
3.1488,47
3.1488095238095237,37
3.148817802503477,42
3.1488250652741514,35
3.148831488314883,34
3.1488372093023256,31
3.1488423373759646,33
3.148846960167715,22
3.148936170212766,1116
3.149023638232271,32
3.14902807775378,28
3.149032992036405,37
3.1490384615384617,30
3.1490445859872613,41
3.149051490514905,32
3.149059334298119,45
3.1490683229813663,49
3.1490787269681744,37
3.149090909090909,42
3.1491053677932404,45
3.1491136600625653,26
3.1491228070175437,73
3.1491329479768786,25
3.1491442542787285,91
3.1491569390402074,36
3.149171270718232,89
3.1491875923190547,43
3.149193548387097,32
3.149206349206349,125
3.1492204899777283,34
3.1492281303602057,48
3.1492361927144534,37
3.1492537313432836,118
3.1492734478203435,37
3.149284253578732,70
3.149295774647887,22
3.1493018259935552,33
3.1493212669683257,174
3.149342891278375,28
3.1493506493506493,42
3.149367088607595,77
3.1493775933609958,23
3.149384885764499,37
3.149394347240915,29
3.149400218102508,37
3.1494252873563218,253
3.1494483450351054,23
3.149453219927096,29
3.1494607087827426,47
3.1494736842105264,66
3.149484536082474,35
3.1495016611295683,109
3.149519890260631,33
3.149532710280374,80
3.1495422177009154,34
3.1495495495495494,43
3.1495601173020527,43
3.149567367119901,28
3.1495726495726495,35
3.1496062992125986,340
3.149638802889577,30
3.1496437054631827,32
3.14965034965035,46
3.1496598639455784,42
3.1496746203904555,73
3.149685534591195,39
3.1497005988023954,108
3.149714285714286,33
3.1497227356746764,36
3.1497326203208558,32
3.149738219895288,22
3.1497584541062804,194
3.149779735682819,32
3.149786019971469,42
3.1497975708502026,87
3.149807938540333,38
3.1498257839721253,112
3.1498405951115833,31
3.149847094801223,45
3.1498637602179835,94
3.14987714987715,35
3.149888143176734,73
3.1498973305954827,26
3.1499051233396584,49
3.1499176276771004,42
3.1499272197962154,35
3.14993481095176,33
3.1499409681227863,35
3.149946062567422,32
3.15,632
